{
  "threshold": 0.6860426882871958,
  "max_mse": 4241.276518641169
}